/*
SQLyog Ultimate v11.33 (64 bit)
MySQL - 5.7.6-m16 : Database - bill360
*********************************************************************
*/

/*!40101 SET NAMES utf8 */;

/*!40101 SET SQL_MODE=''*/;

/*!40014 SET @OLD_UNIQUE_CHECKS=@@UNIQUE_CHECKS, UNIQUE_CHECKS=0 */;
/*!40014 SET @OLD_FOREIGN_KEY_CHECKS=@@FOREIGN_KEY_CHECKS, FOREIGN_KEY_CHECKS=0 */;
/*!40101 SET @OLD_SQL_MODE=@@SQL_MODE, SQL_MODE='NO_AUTO_VALUE_ON_ZERO' */;
/*!40111 SET @OLD_SQL_NOTES=@@SQL_NOTES, SQL_NOTES=0 */;
CREATE DATABASE /*!32312 IF NOT EXISTS*/`bill360` /*!40100 DEFAULT CHARACTER SET utf8mb4 */;

USE `bill360`;

/*Table structure for table `b_acceptance` */

DROP TABLE IF EXISTS `b_acceptance`;

CREATE TABLE `b_acceptance` (
  `_id` int(11) NOT NULL AUTO_INCREMENT COMMENT 'id',
  `_invoice` varchar(255) DEFAULT NULL COMMENT '承兑企业名称（开票企业）',
  `_core` varchar(255) DEFAULT NULL COMMENT '上市主体',
  `_category` varchar(255) DEFAULT NULL COMMENT '企业类别',
  `_nature` varchar(255) DEFAULT NULL COMMENT '企业性质',
  `_type` int(11) NOT NULL COMMENT '类型0-母公司、1-子公司、2-孙公司',
  `_addr` varchar(255) DEFAULT NULL COMMENT '地址',
  `_area` varchar(255) DEFAULT NULL COMMENT '地区',
  `_is_finish` int(11) NOT NULL COMMENT '企业信息0-未完善、1-已完善',
  PRIMARY KEY (`_id`)
) ENGINE=InnoDB AUTO_INCREMENT=64 DEFAULT CHARSET=utf8mb4;

/*Data for the table `b_acceptance` */

insert  into `b_acceptance`(`_id`,`_invoice`,`_core`,`_category`,`_nature`,`_type`,`_addr`,`_area`,`_is_finish`) values (10,'','恒大地产',NULL,NULL,0,NULL,NULL,0),(11,'恒大地产集团珠三角房地产开发有限公司','恒大地产',NULL,NULL,0,NULL,NULL,0),(12,'','龙湖地产',NULL,NULL,0,NULL,NULL,0),(13,'','中国建筑',NULL,NULL,0,NULL,NULL,0),(14,'','太原重工',NULL,NULL,0,NULL,NULL,0),(15,'','大港股份',NULL,NULL,0,NULL,NULL,0),(16,'','北汽银翔',NULL,NULL,0,NULL,NULL,0),(17,'','正荣御枫',NULL,NULL,0,NULL,NULL,0),(18,'','金龙汽车',NULL,NULL,0,NULL,NULL,0),(19,'','火电建设',NULL,NULL,0,NULL,NULL,0),(20,'','明发集团',NULL,NULL,0,NULL,NULL,0),(21,'','江门船厂',NULL,NULL,0,NULL,NULL,0),(22,'','中材科技',NULL,NULL,0,NULL,NULL,0),(23,'','美的地产',NULL,NULL,0,NULL,NULL,0),(24,'','协鑫集成',NULL,NULL,0,NULL,NULL,0),(25,'','天合光能',NULL,NULL,0,NULL,NULL,0),(26,'','中航工业',NULL,NULL,0,NULL,NULL,0),(27,'','晶科能源',NULL,NULL,0,NULL,NULL,0),(28,'','荣盛发展',NULL,NULL,0,NULL,NULL,0),(29,'','南京嘉茂',NULL,NULL,0,NULL,NULL,0),(30,'','中国重汽',NULL,NULL,0,NULL,NULL,0),(31,'中国建筑第二工程局有限公司','中国建筑',NULL,NULL,0,NULL,NULL,0),(32,'','太钢',NULL,NULL,0,NULL,NULL,0),(33,'','武钢',NULL,NULL,0,NULL,NULL,0),(34,'','中国中铁',NULL,NULL,0,NULL,NULL,0),(35,'中建七局','中国建筑',NULL,NULL,0,NULL,NULL,0),(36,'','华润置地',NULL,NULL,0,NULL,NULL,0),(37,'','华夏幸福',NULL,NULL,0,NULL,NULL,0),(38,'中铁十二局集团有限公司','中国铁建',NULL,NULL,0,NULL,NULL,0),(39,'','中南建设',NULL,NULL,0,NULL,NULL,0),(40,'中铁十六局集团有限公司','中国中铁',NULL,NULL,0,NULL,NULL,0),(41,'新乡御景置业有限公司','恒大地产',NULL,NULL,0,NULL,NULL,0),(42,'中铁十六局集团有限公司','中铁',NULL,NULL,0,NULL,NULL,0),(43,'','恒大旅游',NULL,NULL,0,NULL,NULL,0),(44,'中铁二局工程有限公司','中铁',NULL,NULL,0,NULL,NULL,0),(45,'中国建筑第七工程局有限公司','中国建筑',NULL,NULL,0,NULL,NULL,0),(46,'中建三局集团有限公司','中国建筑',NULL,NULL,1,NULL,NULL,1),(47,'议程和','中国建筑',NULL,NULL,0,NULL,NULL,0),(48,'sd','中国建筑',NULL,NULL,0,NULL,NULL,0),(49,'中国重汽集团济南卡车股份有限公司','中国重汽',NULL,NULL,0,NULL,NULL,0),(50,'武钢资源集团有限公司','武钢',NULL,NULL,0,NULL,NULL,0),(51,'青岛啤酒（扬州）有限公司','青岛啤酒',NULL,NULL,0,NULL,NULL,0),(52,'中国水利水电第十四工程局有限公司','中国电建',NULL,NULL,0,NULL,NULL,0),(53,'中国石油天然气股份有限公司大庆炼化分公司','中石油',NULL,NULL,0,NULL,NULL,0),(54,'中铁二十局集团市政工程有限公司','中国铁建',NULL,NULL,0,NULL,NULL,0),(55,'河钢股份有限公司唐山分公司','河钢',NULL,NULL,0,NULL,NULL,0),(56,'','中兴',NULL,NULL,0,NULL,NULL,0),(57,'中铁二局工程有限公司','中国中铁',NULL,NULL,0,NULL,NULL,0),(58,'青岛啤酒股份有限公司','青岛啤酒',NULL,NULL,0,NULL,NULL,0),(59,'中建二局第一建筑工程有限公司','中国建筑',NULL,NULL,0,NULL,NULL,0),(60,'','上海电气',NULL,NULL,0,NULL,NULL,0),(61,'国网陕西省电力公司物资结算中心','国网电力',NULL,NULL,0,NULL,NULL,0),(62,'碧桂园地产集团有限公司','碧桂园',NULL,NULL,0,NULL,NULL,0),(63,'深圳市比亚迪供应链管理有限公司','比亚迪',NULL,NULL,0,NULL,NULL,0);

/*Table structure for table `b_admin` */

DROP TABLE IF EXISTS `b_admin`;

CREATE TABLE `b_admin` (
  `_id` int(11) NOT NULL AUTO_INCREMENT COMMENT 'id',
  `_name` varchar(125) NOT NULL COMMENT '登录名',
  `_pwd` varchar(125) NOT NULL COMMENT '登录密码',
  PRIMARY KEY (`_id`),
  UNIQUE KEY `name_index` (`_name`)
) ENGINE=InnoDB AUTO_INCREMENT=3 DEFAULT CHARSET=utf8mb4;

/*Data for the table `b_admin` */

insert  into `b_admin`(`_id`,`_name`,`_pwd`) values (1,'billman','c4644008c86ea3aaa6520b3895722fc4'),(2,'admin','0e40fb451b5f42df86ac880a57ea901f');

/*Table structure for table `b_bill` */

DROP TABLE IF EXISTS `b_bill`;

CREATE TABLE `b_bill` (
  `_id` int(11) NOT NULL AUTO_INCREMENT COMMENT 'id',
  `_acceptance_id` int(11) NOT NULL COMMENT '承兑企业id',
  `_staff_id` int(11) NOT NULL COMMENT '对接人id',
  `_ctime` timestamp NOT NULL DEFAULT CURRENT_TIMESTAMP COMMENT '添加时间',
  `_remark` varchar(255) DEFAULT NULL COMMENT '备注',
  `_shortest` varchar(255) DEFAULT NULL COMMENT '最短期限(收票起步天数)',
  `_longest` varchar(255) DEFAULT NULL COMMENT '最长期限(收票最高天数)',
  `_is_bargain` int(11) DEFAULT NULL COMMENT '合同0-不是、1-是',
  `_is_invoice` int(11) DEFAULT NULL COMMENT '发票0-不是（默认）、1-是',
  `_agreement` int(11) DEFAULT NULL COMMENT '质押协议0-否(默认)、1-是',
  `_is_moneyorback` int(11) DEFAULT NULL COMMENT '先款先背0-先款（默认）、1-先背',
  `_is_financing` int(11) DEFAULT NULL COMMENT '融资票0-不是（默认）、1-是',
  `_is_clean` int(11) DEFAULT NULL COMMENT '光票0-不是（默认）、1-是',
  `_endorse_time` varchar(255) DEFAULT NULL COMMENT '背书次数限制',
  `_adjuest` int(11) DEFAULT NULL COMMENT '调整天数',
  `_rate` decimal(6,2) DEFAULT '0.00' COMMENT '利率',
  `_status` int(11) DEFAULT '0' COMMENT '状态0-正常（默认）、1-已关闭',
  `_level` int(11) DEFAULT '0' COMMENT '优先级0-默认',
  `_total` varchar(255) DEFAULT NULL COMMENT '总额度',
  `_usable` varchar(255) DEFAULT NULL COMMENT '可用额度',
  `_max` varchar(255) DEFAULT NULL COMMENT '票面最大金额（收票单张上限金额(万)）',
  `_min` varchar(255) DEFAULT NULL COMMENT '最小金额(收票单张起步金额(万))',
  `_offer` varchar(255) DEFAULT NULL COMMENT '报价方式',
  `_deductions` decimal(14,2) DEFAULT NULL COMMENT '每十万扣费',
  `_direct` decimal(14,2) DEFAULT '0.00' COMMENT '直接扣？%',
  `_a_year_interest` decimal(16,4) DEFAULT '0.0000' COMMENT '一年每十万利息',
  PRIMARY KEY (`_id`),
  KEY `FKn1qgpcitx5qm16y0ufkojlbx8` (`_acceptance_id`),
  KEY `FKqkdrjw8g779fsk2l9ot2t0lun` (`_staff_id`),
  CONSTRAINT `FKn1qgpcitx5qm16y0ufkojlbx8` FOREIGN KEY (`_acceptance_id`) REFERENCES `b_acceptance` (`_id`),
  CONSTRAINT `FKqkdrjw8g779fsk2l9ot2t0lun` FOREIGN KEY (`_staff_id`) REFERENCES `b_staff` (`_id`)
) ENGINE=InnoDB AUTO_INCREMENT=206 DEFAULT CHARSET=utf8mb4;

/*Data for the table `b_bill` */

insert  into `b_bill`(`_id`,`_acceptance_id`,`_staff_id`,`_ctime`,`_remark`,`_shortest`,`_longest`,`_is_bargain`,`_is_invoice`,`_agreement`,`_is_moneyorback`,`_is_financing`,`_is_clean`,`_endorse_time`,`_adjuest`,`_rate`,`_status`,`_level`,`_total`,`_usable`,`_max`,`_min`,`_offer`,`_deductions`,`_direct`,`_a_year_interest`) values (1,13,4,'2018-06-06 16:48:19',NULL,'','',1,2,2,0,2,2,'',5,'11.00',0,0,'','','','','0',NULL,NULL,'11000.0000'),(2,13,5,'2018-06-06 16:48:19',NULL,'','',0,2,2,2,2,2,'',5,'11.00',0,0,'','','','','0',NULL,NULL,'11000.0000'),(3,13,6,'2018-06-06 16:48:19',NULL,'','',2,2,2,0,2,2,'',5,'11.00',0,0,'','','','','0',NULL,NULL,'11000.0000'),(4,13,7,'2018-06-06 16:48:19',NULL,'','',1,1,2,2,2,2,'',3,'11.00',0,0,'','','','','0',NULL,NULL,'11000.0000'),(5,14,8,'2018-06-06 16:48:19',NULL,'','',0,0,2,0,2,1,'',3,'11.00',0,0,'','','','','0',NULL,NULL,'11000.0000'),(6,15,9,'2018-06-06 16:48:19',NULL,'','',2,0,2,2,2,2,'',3,'11.00',0,0,'','','','','0',NULL,NULL,'11000.0000'),(7,16,10,'2018-06-06 16:48:19',NULL,'','',2,1,2,2,2,2,'',3,'11.00',0,0,'','','','','0',NULL,NULL,'11000.0000'),(8,17,11,'2018-06-06 16:48:19',NULL,'','',2,2,1,2,2,2,'',5,'11.00',0,0,'','','','','0',NULL,NULL,'11000.0000'),(9,18,12,'2018-06-06 16:48:19',NULL,'','',2,2,2,0,2,2,'',0,NULL,0,0,'','','','','1','5897.00',NULL,'5897.0000'),(21,30,24,'2018-06-12 10:57:17',NULL,'','',2,2,2,2,2,2,'',0,'8.00',0,0,'','','','','0',NULL,NULL,'8000.0000'),(23,31,24,'2018-06-25 16:44:21','','','',2,2,2,2,2,2,'',5,'10.00',0,0,'','','','','0',NULL,NULL,'10000.0000'),(24,32,25,'2018-06-12 10:57:17',NULL,'','',2,2,2,2,2,2,'',0,NULL,0,0,'','','','','1','4500.00',NULL,'4500.0000'),(25,31,25,'2018-06-12 10:57:17',NULL,'','',2,2,2,2,2,2,'',0,NULL,0,0,'','','','','1','5700.00',NULL,'5700.0000'),(26,31,4,'2018-06-25 16:44:21','','','',2,2,2,2,2,2,'',5,'11.00',0,0,'','','','','0',NULL,NULL,'11000.0000'),(27,33,26,'2018-06-12 10:57:17',NULL,'','',2,2,2,2,2,2,'',0,NULL,0,0,'','','','','1','2100.00',NULL,'2100.0000'),(28,31,26,'2018-06-25 16:44:21','','','',2,2,2,2,2,2,'',0,NULL,0,0,'','','','','1','6000.00',NULL,'6000.0000'),(29,34,27,'2018-06-25 16:44:21','','','',2,2,2,2,2,2,'',5,'8.00',0,0,'','','','','0',NULL,NULL,'8000.0000'),(30,31,5,'2018-06-25 16:44:21','','','',2,2,2,2,2,2,'',5,'11.00',0,0,'','','','','0',NULL,NULL,'11000.0000'),(31,31,6,'2018-06-25 16:44:21','','','',2,2,2,2,2,2,'',5,'11.00',0,0,'','','','','0',NULL,NULL,'11000.0000'),(32,10,6,'2018-06-25 16:44:21','','','',2,2,2,2,2,2,'',5,'16.00',0,0,'','','','','0',NULL,NULL,'16000.0000'),(33,35,6,'2018-06-12 10:57:17',NULL,'','',2,2,2,2,2,2,'',5,'8.00',0,0,'','','','','0',NULL,NULL,'8000.0000'),(34,31,28,'2018-06-25 16:44:21','','','',2,2,2,2,2,2,'',3,'11.00',0,0,'','','','','0',NULL,NULL,'11000.0000'),(35,31,29,'2018-06-25 16:44:21','','','',2,2,2,2,2,2,'',0,NULL,0,0,'','','','','1','5562.00',NULL,'5562.0000'),(36,31,7,'2018-06-25 16:44:22','','','',2,2,2,2,2,2,'',3,'11.00',0,0,'','','','','0',NULL,NULL,'11000.0000'),(38,31,30,'2018-06-25 16:44:22','','','',2,2,2,2,2,2,'',0,NULL,0,0,'','','','','1','5850.00',NULL,'5850.0000'),(39,36,30,'2018-06-25 16:44:22','','','',2,2,2,2,2,2,'',0,NULL,0,0,'','','','','1','9270.00',NULL,'9270.0000'),(40,31,8,'2018-06-25 16:44:22','','','',2,2,2,2,2,2,'',3,'11.00',0,0,'','','','','0',NULL,NULL,'11000.0000'),(41,31,31,'2018-06-25 16:44:22','','','',2,2,2,2,2,2,'',0,NULL,0,0,'','','','','1','5600.00',NULL,'5600.0000'),(42,31,32,'2018-06-25 16:44:22','','','',2,2,2,2,2,2,'',0,NULL,0,0,'','','','','1','6000.00',NULL,'6000.0000'),(43,36,33,'2018-06-25 16:44:22','','','',2,2,2,2,2,2,'',5,'12.00',0,0,'','','','','0',NULL,NULL,'12000.0000'),(44,10,34,'2018-06-25 16:44:22','','','',2,2,2,2,2,2,'',0,'18.00',0,0,'','','','','0',NULL,NULL,'18000.0000'),(45,31,34,'2018-06-25 16:44:22','','','',2,2,2,2,2,2,'',0,NULL,0,0,'','','','','1','5650.00',NULL,'5650.0000'),(46,37,34,'2018-06-25 16:44:22','','','',2,2,2,2,2,2,'',0,NULL,0,0,'','','','','1','6500.00',NULL,'6500.0000'),(47,35,35,'2018-06-12 10:57:17',NULL,'','',2,2,2,2,2,2,'',0,'8.00',0,0,'','','','','0',NULL,NULL,'8000.0000'),(48,31,36,'2018-06-25 16:44:22','','','',2,2,2,2,2,2,'',5,'16.00',0,0,'','','','','0',NULL,NULL,'16000.0000'),(49,31,37,'2018-06-25 16:44:22','','','',2,2,2,2,2,2,'',5,'12.00',0,0,'','','','','0',NULL,NULL,'12000.0000'),(50,31,38,'2018-06-25 16:44:22','','','',2,2,2,2,2,2,'',3,'12.00',0,0,'','','','','0',NULL,NULL,'12000.0000'),(51,31,9,'2018-06-25 16:44:22','','','',2,2,2,2,2,2,'',3,'11.00',0,0,'','','','','0',NULL,NULL,'11000.0000'),(52,10,39,'2018-06-25 16:44:22','','','',2,2,2,2,2,2,'',3,'16.00',0,0,'','','','','0',NULL,NULL,'16000.0000'),(53,31,40,'2018-06-25 16:44:22','','','',2,2,2,2,2,2,'',0,NULL,0,0,'','','','','1','5800.00',NULL,'5800.0000'),(54,31,41,'2018-06-25 16:44:22','','','',2,2,2,2,2,2,'',5,'10.00',0,0,'','','','','0',NULL,NULL,'10000.0000'),(55,31,42,'2018-06-25 16:44:22','','','',2,2,2,2,2,2,'',0,NULL,0,0,'','','','','1','6098.00',NULL,'6098.0000'),(56,36,43,'2018-06-25 16:44:22','','','',2,2,2,2,2,2,'',0,'16.00',0,0,'','','','','0',NULL,NULL,'16000.0000'),(57,31,10,'2018-06-25 16:44:22','','','',2,2,2,2,2,2,'',3,'11.00',0,0,'','','','','0',NULL,NULL,'11000.0000'),(58,31,44,'2018-06-25 16:44:22','','','',2,2,2,2,2,2,'',0,NULL,0,0,'','','','','1','5800.00',NULL,'5800.0000'),(59,31,45,'2018-06-25 16:44:22','','','',2,2,2,2,2,2,'',0,NULL,0,0,'','','','','1','5650.00',NULL,'5650.0000'),(60,31,46,'2018-06-25 16:44:22','','','',2,2,2,2,2,2,'',0,NULL,0,0,'','','','','1','5629.00',NULL,'5629.0000'),(61,31,47,'2018-06-25 16:44:22','','','',2,2,2,2,2,2,'',0,NULL,0,0,'','','','','1','5960.00',NULL,'5960.0000'),(62,36,47,'2018-06-25 16:44:23','','','',2,2,2,2,2,2,'',0,NULL,0,0,'','','','','1','8200.00',NULL,'8200.0000'),(63,31,48,'2018-06-25 16:44:23','','','',2,2,2,2,2,2,'',0,NULL,0,0,'','','','','1','6050.00',NULL,'6050.0000'),(64,31,49,'2018-06-25 16:44:23','','','',2,2,2,2,2,2,'',0,NULL,0,0,'','','','','1','6000.00',NULL,'6000.0000'),(65,31,11,'2018-06-25 16:44:23','','','',2,2,2,2,2,2,'',5,'11.00',0,0,'','','','','0',NULL,NULL,'11000.0000'),(66,31,12,'2018-06-25 16:44:23','','','',2,2,2,2,2,2,'',0,NULL,0,0,'','','','','1','5897.00',NULL,'5897.0000'),(67,31,13,'2018-06-25 16:44:23','','','',2,2,2,2,2,2,'',5,'11.00',0,0,'','','','','0',NULL,NULL,'11000.0000'),(68,31,50,'2018-06-25 16:44:23','','','',2,2,2,2,2,2,'',3,'12.00',0,0,'','','','','0',NULL,NULL,'12000.0000'),(69,10,51,'2018-06-25 16:44:23','','','',2,2,2,2,2,2,'',3,'16.00',0,0,'','','','','0',NULL,NULL,'16000.0000'),(70,31,52,'2018-06-25 16:44:23','','','',2,2,2,2,2,2,'',3,'12.00',0,0,'','','','','0',NULL,NULL,'12000.0000'),(71,38,53,'2018-06-25 16:44:28','','','',2,2,2,2,2,2,'',0,'9.00',0,0,'','','','','0',NULL,NULL,'9000.0000'),(72,31,14,'2018-06-25 16:44:23','','','',2,2,2,2,2,2,'',5,'11.00',0,0,'','','','','0',NULL,NULL,'11000.0000'),(73,31,15,'2018-06-25 16:44:23','','','',2,2,2,2,2,2,'',3,'11.00',0,0,'','','','','0',NULL,NULL,'11000.0000'),(74,39,16,'2018-06-25 16:44:23','','','',2,2,2,2,2,2,'',5,'16.00',0,0,'','','','','0',NULL,NULL,'16000.0000'),(75,10,16,'2018-06-25 16:44:23','','','',2,2,2,2,2,2,'',0,'16.00',0,0,'','','','','0',NULL,NULL,'16000.0000'),(76,31,17,'2018-06-25 16:44:23','','','',2,2,2,2,2,2,'',0,NULL,0,0,'','','','','1','5890.00',NULL,'5890.0000'),(77,36,54,'2018-06-25 16:44:23','','','',2,2,2,2,2,2,'',0,NULL,0,0,'','','','','1','10166.00',NULL,'10166.0000'),(78,31,55,'2018-06-25 16:44:23','','','',2,2,2,2,2,2,'',0,NULL,0,0,'','','','','1','5550.00',NULL,'5550.0000'),(79,31,56,'2018-06-25 16:44:23','','','',2,2,2,2,2,2,'',5,'14.00',0,0,'','','','','0',NULL,NULL,'14000.0000'),(80,31,57,'2018-06-25 16:44:24','','','',2,2,2,2,2,2,'',3,'12.00',0,0,'','','','','0',NULL,NULL,'12000.0000'),(81,31,58,'2018-06-25 16:44:24','','','',2,2,2,2,2,2,'',5,'10.00',0,0,'','','','','0',NULL,NULL,'10000.0000'),(82,36,59,'2018-06-25 16:44:24','','','',2,2,2,2,2,2,'',3,'10.00',0,0,'','','','','0',NULL,NULL,'10000.0000'),(83,40,60,'2018-06-25 16:44:24','','','',2,2,2,2,2,2,'',0,NULL,0,0,'','','','','1','4600.00',NULL,'4600.0000'),(85,31,61,'2018-06-25 16:44:24','','','',2,2,2,2,2,2,'',0,NULL,0,0,'','','','','1','5550.00',NULL,'5550.0000'),(86,31,62,'2018-06-25 16:44:24','','','',2,2,2,2,2,2,'',0,NULL,0,0,'','','','','1','5650.00',NULL,'5650.0000'),(87,41,63,'2018-06-25 16:44:24','','','',2,2,2,2,2,2,'',0,NULL,0,0,'','','','','1','17425.00',NULL,'17425.0000'),(88,31,63,'2018-06-25 16:44:24','','','',2,2,2,2,2,2,'',0,NULL,0,0,'','','','','1','5629.00',NULL,'5629.0000'),(89,31,64,'2018-06-25 16:44:24','','','',2,2,2,2,2,2,'',0,NULL,0,0,'','','','','1','6000.00',NULL,'6000.0000'),(90,31,65,'2018-06-25 16:44:24','','','',2,2,2,2,2,2,'',0,NULL,0,0,'','','','','1','5800.00',NULL,'5800.0000'),(91,31,66,'2018-06-25 16:44:24','','','',2,2,2,2,2,2,'',5,'10.00',0,0,'','','','','0',NULL,NULL,'10000.0000'),(92,31,67,'2018-06-25 16:44:24','','','',2,2,2,2,2,2,'',0,NULL,0,0,'','','','','1','5960.00',NULL,'5960.0000'),(93,31,68,'2018-06-25 16:44:24','','','',2,2,2,2,2,2,'',0,NULL,0,0,'','','','','1','6500.00',NULL,'6500.0000'),(94,31,69,'2018-06-25 16:44:24','','','',2,2,2,2,2,2,'',0,NULL,0,0,'','','','','1','5960.00',NULL,'5960.0000'),(95,31,70,'2018-06-25 16:44:24','','','',2,2,2,2,2,2,'',0,NULL,0,0,'','','','','1','5960.00',NULL,'5960.0000'),(96,42,71,'2018-06-12 10:57:18',NULL,'','',2,2,2,2,2,2,'',0,'12.00',0,0,'','','','','0',NULL,NULL,'12000.0000'),(97,31,72,'2018-06-25 16:44:25','','','',2,2,2,2,2,2,'',5,'10.00',0,0,'','','','','0',NULL,NULL,'10000.0000'),(98,31,73,'2018-06-25 16:44:25','','','',2,2,2,2,2,2,'',0,NULL,0,0,'','','','','1','5660.00',NULL,'5660.0000'),(99,43,74,'2018-06-25 16:44:25','','','',2,2,2,2,2,2,'',10,'22.00',0,0,'','','','','0',NULL,NULL,'22000.0000'),(100,36,75,'2018-06-25 16:44:25','','','',2,2,2,2,2,2,'',0,NULL,0,0,'','','','','1','9250.00',NULL,'9250.0000'),(101,31,18,'2018-06-25 16:44:25','','','',2,2,2,2,2,2,'',0,NULL,0,0,'','','','','1','5897.00',NULL,'5897.0000'),(102,31,76,'2018-06-25 16:44:25','','','',2,2,2,2,2,2,'',0,NULL,0,0,'','','','','1','5960.00',NULL,'5960.0000'),(103,31,77,'2018-06-25 16:44:25','','','',2,2,2,2,2,2,'',5,'10.00',0,0,'','','','','0',NULL,NULL,'10000.0000'),(104,31,78,'2018-06-25 16:44:25','','','',2,2,2,2,2,2,'',3,'12.00',0,0,'','','','','0',NULL,NULL,'12000.0000'),(105,31,20,'2018-06-25 16:44:25','','','',2,2,2,2,2,2,'',3,'11.00',0,0,'','','','','0',NULL,NULL,'11000.0000'),(106,44,20,'2018-06-12 10:57:18',NULL,'','',2,2,2,2,2,2,'',3,'11.00',0,0,'','','','','0',NULL,NULL,'11000.0000'),(107,31,79,'2018-06-25 16:44:25','','','',2,2,2,2,2,2,'',0,NULL,0,0,'','','','','1','5630.00',NULL,'5630.0000'),(108,31,80,'2018-06-25 16:44:25','','','',2,2,2,2,2,2,'',0,NULL,0,0,'','','','','1','5400.00',NULL,'5400.0000'),(109,31,81,'2018-06-25 16:44:25','','','',2,2,2,2,2,2,'',5,'10.00',0,0,'','','','','0',NULL,NULL,'10000.0000'),(110,10,81,'2018-06-25 16:44:25','','','',2,2,2,2,2,2,'',5,'18.00',0,0,'','','','','0',NULL,NULL,'18000.0000'),(111,31,82,'2018-06-25 16:44:26','','','',2,2,2,2,2,2,'',0,NULL,0,0,'','','','','1','5629.00',NULL,'5629.0000'),(112,44,82,'2018-06-12 10:57:18',NULL,'','',2,2,2,2,2,2,'',0,NULL,0,0,'','','','','1','9008.00',NULL,'9008.0000'),(113,37,83,'2018-06-25 16:44:26','','','',2,2,2,2,2,2,'',0,'20.00',0,0,'','','','','0',NULL,NULL,'20000.0000'),(114,31,84,'2018-06-25 16:44:26','','','',2,2,2,2,2,2,'',0,NULL,0,0,'','','','','1','5600.00',NULL,'5600.0000'),(115,31,85,'2018-06-25 16:44:26','','','',2,2,2,2,2,2,'',0,NULL,0,0,'','','','','1','5400.00',NULL,'5400.0000'),(116,38,86,'2018-06-25 16:44:29','','','',2,2,2,2,2,2,'',0,NULL,0,0,'','','','','1','4180.00',NULL,'4180.0000'),(117,31,86,'2018-06-25 16:44:26','','','',2,2,2,2,2,2,'',0,NULL,0,0,'','','','','1','5500.00',NULL,'5500.0000'),(118,31,87,'2018-06-25 16:44:26','','','',2,2,2,2,2,2,'',3,'10.00',0,0,'','','','','0',NULL,NULL,'10000.0000'),(119,31,88,'2018-06-25 16:44:26','','','',2,2,2,2,2,2,'',0,NULL,0,0,'','','','','1','5960.00',NULL,'5960.0000'),(120,45,89,'2018-06-25 16:44:26','','','',2,2,2,2,2,2,'',0,NULL,0,0,'','','','','1','3350.00',NULL,'3350.0000'),(121,31,89,'2018-06-25 16:44:26','','','',2,2,2,2,2,2,'',0,NULL,0,0,'','','','','1','5687.00',NULL,'5687.0000'),(122,31,90,'2018-06-25 16:44:26','','','',2,2,2,2,2,2,'',3,'14.00',0,0,'','','','','0',NULL,NULL,'14000.0000'),(123,31,91,'2018-06-25 16:44:26','','','',2,2,2,2,2,2,'',0,NULL,0,0,'','','','','1','6000.00',NULL,'6000.0000'),(124,31,92,'2018-06-25 16:44:26','','','',2,2,2,2,2,2,'',0,NULL,0,0,'','','','','1','6861.00',NULL,'6861.0000'),(125,31,21,'2018-06-25 16:44:26','','','',2,2,2,2,2,2,'',5,'11.00',0,0,'','','','','0',NULL,NULL,'11000.0000'),(126,31,93,'2018-06-25 16:44:26','','','',2,2,2,2,2,2,'',0,NULL,0,0,'','','','','1','5800.00',NULL,'5800.0000'),(127,31,94,'2018-06-25 16:44:26','','','',2,2,2,2,2,2,'',0,NULL,0,0,'','','','','1','5650.00',NULL,'5650.0000'),(128,31,95,'2018-06-25 16:44:27','','','',2,2,2,2,2,2,'',5,'10.00',0,0,'','','','','0',NULL,NULL,'10000.0000'),(129,10,96,'2018-06-25 16:44:27','','','',2,2,2,2,2,2,'',0,'16.00',0,0,'','','','','0',NULL,NULL,'16000.0000'),(130,31,97,'2018-06-25 16:44:27','','','',2,2,2,2,2,2,'',5,'10.00',0,0,'','','','','0',NULL,NULL,'10000.0000'),(131,13,97,'2018-06-25 16:44:27','','','',2,2,2,2,2,2,'',5,'10.00',0,0,'','','','','0',NULL,NULL,'10000.0000'),(132,31,22,'2018-06-25 16:44:27','','','',2,2,2,2,2,2,'',5,'11.00',0,0,'','','','','0',NULL,NULL,'11000.0000'),(133,31,23,'2018-06-25 16:44:27','','','',2,2,2,2,2,2,'',3,'11.00',0,0,'','','','','0',NULL,NULL,'11000.0000'),(134,31,98,'2018-06-25 16:44:27','','','',2,2,2,2,2,2,'',5,'10.00',0,0,'','','','','0',NULL,NULL,'10000.0000'),(135,31,99,'2018-06-25 16:44:27','','','',2,2,2,2,2,2,'',0,NULL,0,0,'','','','','1','5800.00',NULL,'5800.0000'),(136,31,100,'2018-06-12 10:57:19',NULL,'','',2,2,2,2,2,2,'',0,NULL,0,0,'','','','','1','5850.00',NULL,'5850.0000'),(137,31,101,'2018-06-25 16:44:27','','','',2,2,2,2,2,2,'',0,NULL,0,0,'','','','','1','6000.00',NULL,'6000.0000'),(138,31,3,'2018-06-25 16:44:27','','','',2,2,2,2,2,2,'',0,NULL,0,0,'','','','','1','5900.00',NULL,'5900.0000'),(139,46,40,'2018-06-25 16:44:22','','','',2,2,2,2,2,2,'',3,'9.00',0,0,'','','','','0',NULL,NULL,'9000.0000'),(140,33,40,'2018-06-12 10:57:19',NULL,'','',2,2,2,2,2,2,'',0,NULL,0,0,'','','','','1','1740.00',NULL,'1740.0000'),(141,33,45,'2018-06-12 10:57:19',NULL,'','',2,2,2,2,2,2,'',0,NULL,0,0,'','','','','1','2100.00',NULL,'2100.0000'),(142,21,3,'2018-06-19 09:49:26','测试报价方式','30','360',0,1,0,1,1,0,'1',3,'7.50',0,0,'300','2','不限','2','3','230.00','0.00','7730.0000'),(145,13,102,'2018-06-25 16:44:21','','','',2,2,2,2,2,2,'',0,NULL,0,0,'','','','','1','5300.00',NULL,'5300.0000'),(146,49,24,'2018-06-25 16:44:21','','','',2,2,2,2,2,2,'',0,'8.00',0,0,'','','','','0',NULL,NULL,'8000.0000'),(147,50,26,'2018-06-25 16:44:21','','','',2,2,2,2,2,2,'',0,NULL,0,0,'','','','','1','2100.00',NULL,'2100.0000'),(148,10,102,'2018-06-25 16:44:27','','','',2,2,2,2,2,2,'',0,'16.00',0,0,'','','','','0',NULL,NULL,'16000.0000'),(149,31,102,'2018-06-25 16:44:27','','','',2,2,2,2,2,2,'',0,NULL,0,0,'','','','','1','5850.00',NULL,'5850.0000'),(150,45,6,'2018-06-25 16:44:21','','','',2,2,2,2,2,2,'',5,'8.00',0,0,'','','','','0',NULL,NULL,'8000.0000'),(151,51,102,'2018-06-25 16:44:28','','','',2,2,2,2,2,2,'',0,NULL,0,0,'','','','','1','3100.00',NULL,'3100.0000'),(152,52,102,'2018-06-25 16:44:21','','','',2,2,2,2,2,2,'',5,'16.00',0,0,'','','','','0',NULL,NULL,'16000.0000'),(153,39,102,'2018-06-25 16:44:21','','','',2,2,2,2,2,2,'',0,NULL,0,0,'','','','','1','4100.00',NULL,'4100.0000'),(154,53,102,'2018-06-25 16:44:27','','','',2,2,2,2,2,2,'',10,'12.00',0,0,'','','','','0',NULL,NULL,'12000.0000'),(155,54,102,'2018-06-25 16:44:22','','','',2,2,2,2,2,2,'',5,'12.00',0,0,'','','','','0',NULL,NULL,'12000.0000'),(156,37,102,'2018-06-25 16:44:22','','','',2,2,2,2,2,2,'',0,NULL,0,0,'','','','','1','14500.00',NULL,'14500.0000'),(157,45,35,'2018-06-25 16:44:22','','','',2,2,2,2,2,2,'',0,'8.00',0,0,'','','','','0',NULL,NULL,'8000.0000'),(158,50,40,'2018-06-25 16:44:22','','','',2,2,2,2,2,2,'',0,NULL,0,0,'','','','','1','1740.00',NULL,'1740.0000'),(159,55,103,'2018-06-25 16:44:22','','','',2,2,2,2,2,2,'',0,NULL,0,0,'','','','','1','4447.00',NULL,'4447.0000'),(160,50,45,'2018-06-25 16:44:22','','','',2,2,2,2,2,2,'',0,NULL,0,0,'','','','','1','2100.00',NULL,'2100.0000'),(161,36,102,'2018-06-25 16:44:24','','','',2,2,2,2,2,2,'',3,'10.00',0,0,'','','','','0',NULL,NULL,'10000.0000'),(162,53,104,'2018-06-25 16:44:23','','','',2,2,2,2,2,2,'',0,NULL,0,0,'','','','','1','2350.00',NULL,'2350.0000'),(163,56,102,'2018-06-25 16:44:24','','','',2,2,2,2,2,2,'',0,'9.00',0,0,'','','','','0',NULL,NULL,'9000.0000'),(164,57,102,'2018-06-25 16:44:23','','','',2,2,2,2,2,2,'',5,'12.00',0,0,'','','','','0',NULL,NULL,'12000.0000'),(165,55,56,'2018-06-25 16:44:23','','','',2,2,2,2,2,2,'',0,NULL,0,0,'','','','','1','5916.00',NULL,'5916.0000'),(166,31,60,'2018-06-25 16:44:24','','','',2,2,2,2,2,2,'',0,NULL,0,0,'','','','','1','5800.00',NULL,'5800.0000'),(167,56,68,'2018-06-25 16:44:24','','','',2,2,2,2,2,2,'',5,'20.00',0,0,'','','','','0',NULL,NULL,'20000.0000'),(168,40,71,'2018-06-25 16:44:24','','','',2,2,2,2,2,2,'',0,'12.00',0,0,'','','','','0',NULL,NULL,'12000.0000'),(169,58,102,'2018-06-25 16:44:25','','','',2,2,2,2,2,2,'',5,'7.00',0,0,'','','','','0',NULL,NULL,'7000.0000'),(170,53,105,'2018-06-25 16:44:25','','','',2,2,2,2,2,2,'',0,NULL,0,0,'','','','','1','2243.00',NULL,'2243.0000'),(171,55,106,'2018-06-25 16:44:25','','','',2,2,2,2,2,2,'',0,NULL,0,0,'','','','','1','4650.00',NULL,'4650.0000'),(172,57,20,'2018-06-25 16:44:25','','','',2,2,2,2,2,2,'',3,'11.00',0,0,'','','','','0',NULL,NULL,'11000.0000'),(173,55,79,'2018-06-25 16:44:25','','','',2,2,2,2,2,2,'',0,NULL,0,0,'','','','','1','4485.00',NULL,'4485.0000'),(174,59,81,'2018-06-25 16:44:25','','','',2,2,2,2,2,2,'',5,'14.00',0,0,'','','','','0',NULL,NULL,'14000.0000'),(175,57,82,'2018-06-25 16:44:26','','','',2,2,2,2,2,2,'',0,NULL,0,0,'','','','','1','9008.00',NULL,'9008.0000'),(176,53,107,'2018-06-25 16:44:26','','','',2,2,2,2,2,2,'',0,NULL,0,0,'','','','','1','2330.00',NULL,'2330.0000'),(177,55,102,'2018-06-25 16:44:27','','','',2,2,2,2,2,2,'',0,NULL,0,0,'','','','','1','3284.00',NULL,'3284.0000'),(178,60,102,'2018-06-25 16:44:26','','','',2,2,2,2,2,2,'',3,'11.00',0,0,'','','','','0',NULL,NULL,'11000.0000'),(179,31,108,'2018-06-25 16:44:27','','','',2,2,2,2,2,2,'',0,NULL,0,0,'','','','','1','5850.00',NULL,'5850.0000'),(180,55,109,'2018-06-25 16:44:27','','','',2,2,2,2,2,2,'',0,NULL,0,0,'','','','','1','4446.00',NULL,'4446.0000'),(181,53,110,'2018-06-25 16:44:27','','','',2,2,2,2,2,2,'',3,'6.00',0,0,'','','','','1','2250.00',NULL,'2250.0000'),(182,50,102,'2018-06-25 16:44:27','','','',2,2,2,2,2,2,'',0,NULL,0,0,'','','','','1','1739.00',NULL,'1739.0000'),(183,10,111,'2018-06-25 16:44:27','','','',2,2,2,2,2,2,'',5,'18.00',0,0,'','','','','0',NULL,NULL,'18000.0000'),(184,53,112,'2018-06-25 16:44:27','','','',2,2,2,2,2,2,'',0,NULL,0,0,'','','','','1','2400.00',NULL,'2400.0000'),(185,61,30,'2018-06-25 16:44:27','','','',2,2,2,2,2,2,'',5,'13.00',0,0,'','','','','0',NULL,NULL,'13000.0000'),(186,61,47,'2018-06-25 16:44:28','','','',2,2,2,2,2,2,'',0,NULL,0,0,'','','','','1','3600.00',NULL,'3600.0000'),(187,61,54,'2018-06-25 16:44:28','','','',2,2,2,2,2,2,'',0,NULL,0,0,'','','','','1','4100.00',NULL,'4100.0000'),(188,61,57,'2018-06-25 16:44:28','','','',2,2,2,2,2,2,'',3,'15.00',0,0,'','','','','0',NULL,NULL,'15000.0000'),(189,61,102,'2018-06-25 16:44:28','','','',2,2,2,2,2,2,'',0,NULL,0,0,'','','','','1','3645.00',NULL,'3645.0000'),(190,61,90,'2018-06-25 16:44:28','','','',2,2,2,2,2,2,'',0,NULL,0,0,'','','','','1','3600.00',NULL,'3600.0000'),(191,61,113,'2018-06-25 16:44:28','','','',2,2,2,2,2,2,'',0,NULL,0,0,'','','','','1','3645.00',NULL,'3645.0000'),(192,51,43,'2018-06-25 16:44:28','','','',2,2,2,2,2,2,'',0,NULL,0,0,'','','','','1','2800.00',NULL,'2800.0000'),(193,51,16,'2018-06-25 16:44:28','','','',2,2,2,2,2,2,'',0,NULL,0,0,'','','','','1','3500.00',NULL,'3500.0000'),(194,51,114,'2018-06-25 16:44:28','','','',2,2,2,2,2,2,'',0,NULL,0,0,'','','','','1','2900.00',NULL,'2900.0000'),(195,49,102,'2018-06-25 16:44:28','','','',2,2,2,2,2,2,'',0,NULL,0,0,'','','','','1','3400.00',NULL,'3400.0000'),(196,49,75,'2018-06-25 16:44:28','','','',2,2,2,2,2,2,'',0,NULL,0,0,'','','','','1','3770.00',NULL,'3770.0000'),(197,49,84,'2018-06-25 16:44:28','','','',2,2,2,2,2,2,'',5,'10.00',0,0,'','','','','0',NULL,NULL,'10000.0000'),(198,49,93,'2018-06-25 16:44:28','','','',2,2,2,2,2,2,'',0,NULL,0,0,'','','','','1','3400.00',NULL,'3400.0000'),(199,49,114,'2018-06-25 16:44:28','','','',2,2,2,2,2,2,'',0,NULL,0,0,'','','','','1','3450.00',NULL,'3450.0000'),(200,62,115,'2018-06-25 16:44:28','','','',2,2,2,2,2,2,'',0,'16.00',0,0,'','','','','0',NULL,NULL,'16000.0000'),(201,63,1,'2018-06-25 16:44:28','','','',2,2,2,2,2,2,'',3,'8.00',0,0,'','','','','0',NULL,NULL,'8000.0000'),(202,36,1,'2018-06-25 16:44:28','','','',2,2,2,2,2,2,'',3,'9.00',0,0,'','','','','0',NULL,NULL,'9000.0000'),(203,56,1,'2018-06-25 16:44:28','','','',2,2,2,2,2,2,'',3,'20.00',0,0,'','','','','0',NULL,NULL,'20000.0000'),(204,54,9,'2018-06-25 16:44:28','','','',2,2,2,2,2,2,'',5,'16.00',0,0,'','','','','0',NULL,NULL,'16000.0000'),(205,54,16,'2018-06-25 16:44:29','','','',2,2,2,2,2,2,'',5,'12.00',0,0,'','','','','0',NULL,NULL,'12000.0000');

/*Table structure for table `b_card` */

DROP TABLE IF EXISTS `b_card`;

CREATE TABLE `b_card` (
  `_id` int(11) NOT NULL AUTO_INCREMENT COMMENT 'id',
  `_addr` varchar(255) DEFAULT NULL COMMENT '地址',
  `_company` varchar(255) DEFAULT NULL COMMENT '公司名称',
  `_name` varchar(255) NOT NULL COMMENT '姓名',
  `_phone` varchar(13) DEFAULT NULL COMMENT '手机',
  `_tel` varchar(20) DEFAULT NULL COMMENT '固话',
  `_user_id` int(11) NOT NULL COMMENT '用户id',
  PRIMARY KEY (`_id`),
  UNIQUE KEY `user_index` (`_user_id`),
  CONSTRAINT `FK6hwvo6ucebbkcmpq2r59m38no` FOREIGN KEY (`_user_id`) REFERENCES `b_user` (`_id`)
) ENGINE=InnoDB AUTO_INCREMENT=19 DEFAULT CHARSET=utf8mb4;

/*Data for the table `b_card` */

insert  into `b_card`(`_id`,`_addr`,`_company`,`_name`,`_phone`,`_tel`,`_user_id`) values (18,NULL,'dd','lioab','15012920449',NULL,15);

/*Table structure for table `b_constant` */

DROP TABLE IF EXISTS `b_constant`;

CREATE TABLE `b_constant` (
  `_id` int(11) NOT NULL AUTO_INCREMENT COMMENT 'id',
  `_name` varchar(255) NOT NULL COMMENT '常量名',
  `_remark` varchar(255) DEFAULT NULL COMMENT '常量名',
  `_value` varchar(255) NOT NULL COMMENT '常量值',
  PRIMARY KEY (`_id`)
) ENGINE=InnoDB DEFAULT CHARSET=utf8mb4;

/*Data for the table `b_constant` */

/*Table structure for table `b_datadic` */

DROP TABLE IF EXISTS `b_datadic`;

CREATE TABLE `b_datadic` (
  `id` int(11) NOT NULL AUTO_INCREMENT,
  `data_Dic_Name` varchar(255) DEFAULT NULL COMMENT '数据字典名',
  `data_Dic_Value` varchar(255) DEFAULT NULL COMMENT '数据字典值',
  PRIMARY KEY (`id`),
  KEY `FK_b_datadic` (`data_Dic_Value`)
) ENGINE=InnoDB AUTO_INCREMENT=11 DEFAULT CHARSET=utf8;

/*Data for the table `b_datadic` */

insert  into `b_datadic`(`id`,`data_Dic_Name`,`data_Dic_Value`) values (1,'企业类别','国有'),(2,'企业类别','股份制'),(3,'企业类别','合资'),(4,'企业类别','独资'),(5,'企业性质','房地产'),(6,'企业性质','建筑'),(7,'企业性质','工业'),(8,'企业性质','金融'),(10,'热门搜索','恒大');

/*Table structure for table `b_inventory` */

DROP TABLE IF EXISTS `b_inventory`;

CREATE TABLE `b_inventory` (
  `_id` int(11) NOT NULL AUTO_INCREMENT COMMENT 'id',
  `_user_id` int(11) DEFAULT NULL COMMENT '用户id',
  `_userbyadmin_id` int(11) DEFAULT NULL COMMENT '管理员建用户id',
  `_company` varchar(255) NOT NULL COMMENT '开票企业名称',
  `_img_front` varchar(255) NOT NULL COMMENT '商票正面',
  `_img_back` varchar(255) DEFAULT NULL COMMENT '背书面',
  `_money` decimal(18,6) NOT NULL DEFAULT '0.000000' COMMENT '金额（万）',
  `_ctime` varchar(255) NOT NULL COMMENT '出票日期',
  `_dtime` varchar(255) NOT NULL COMMENT '到期日期',
  `_ttime` varchar(255) DEFAULT NULL COMMENT '贴现日',
  `_offer` varchar(255) DEFAULT NULL COMMENT '接受价额',
  PRIMARY KEY (`_id`),
  KEY `FKib2f8yto8m3t5xe0jbf8ggj2c` (`_user_id`),
  KEY `FKhlr0sayke0cl3nfkukkunwg7o` (`_userbyadmin_id`),
  CONSTRAINT `FKhlr0sayke0cl3nfkukkunwg7o` FOREIGN KEY (`_userbyadmin_id`) REFERENCES `b_userbyadmin` (`id`),
  CONSTRAINT `FKib2f8yto8m3t5xe0jbf8ggj2c` FOREIGN KEY (`_user_id`) REFERENCES `b_user` (`_id`)
) ENGINE=InnoDB DEFAULT CHARSET=utf8mb4;

/*Data for the table `b_inventory` */

/*Table structure for table `b_order` */

DROP TABLE IF EXISTS `b_order`;

CREATE TABLE `b_order` (
  `_id` int(11) NOT NULL AUTO_INCREMENT COMMENT 'id',
  `_ctime` timestamp NOT NULL DEFAULT CURRENT_TIMESTAMP COMMENT '创建时间',
  `_day` int(11) NOT NULL DEFAULT '0' COMMENT '计息天数',
  `_img` varchar(255) NOT NULL COMMENT '商票照片',
  `_interest` decimal(14,2) NOT NULL DEFAULT '0.00' COMMENT '保理利息',
  `_money` decimal(14,2) NOT NULL DEFAULT '0.00' COMMENT '保理金额',
  `_status` int(11) NOT NULL DEFAULT '0' COMMENT '状态0-处理中、1-已处理、2-被驳回',
  `_stime` timestamp NOT NULL DEFAULT CURRENT_TIMESTAMP COMMENT '处理时间（如果未处理则和创建时间一致）',
  `_subsidy` decimal(14,2) NOT NULL DEFAULT '0.00' COMMENT '保理金额',
  `_time` timestamp NOT NULL DEFAULT CURRENT_TIMESTAMP COMMENT '到期时间',
  `_bill_id` int(11) NOT NULL COMMENT '票据id',
  `_user_id` int(11) NOT NULL COMMENT '用户id',
  PRIMARY KEY (`_id`),
  KEY `FKh8oupea67ovk6jvn2wpev721n` (`_bill_id`),
  KEY `FKnpe7fqxvbcwtc2dtu72paeup2` (`_user_id`),
  CONSTRAINT `FKh8oupea67ovk6jvn2wpev721n` FOREIGN KEY (`_bill_id`) REFERENCES `b_bill` (`_id`),
  CONSTRAINT `FKnpe7fqxvbcwtc2dtu72paeup2` FOREIGN KEY (`_user_id`) REFERENCES `b_user` (`_id`)
) ENGINE=InnoDB AUTO_INCREMENT=39 DEFAULT CHARSET=utf8mb4;

/*Data for the table `b_order` */

insert  into `b_order`(`_id`,`_ctime`,`_day`,`_img`,`_interest`,`_money`,`_status`,`_stime`,`_subsidy`,`_time`,`_bill_id`,`_user_id`) values (1,'2018-06-13 16:28:00',276,'https://xcx.wenxikeji.com/bill360/upload/23374c23-29c7-4982-8921-0a5fb1f35bb91528878418787tmp_778c76a52305c7ca45a389c7ffcda053f6aa0cac5b9072c2.jpg','4216.67','50000.00',0,'2018-06-13 16:28:00','50000.00','2019-03-10 00:00:00',2,15);

/*Table structure for table `b_pwd` */

DROP TABLE IF EXISTS `b_pwd`;

CREATE TABLE `b_pwd` (
  `_id` int(11) NOT NULL AUTO_INCREMENT COMMENT 'id',
  `_openid` varchar(125) NOT NULL COMMENT '微信openid',
  `_phone` varchar(13) DEFAULT NULL COMMENT '手机号',
  `_user_id` int(11) NOT NULL COMMENT '用户id',
  PRIMARY KEY (`_id`),
  UNIQUE KEY `user_index` (`_user_id`),
  UNIQUE KEY `openid_index` (`_openid`),
  CONSTRAINT `FK8lg9rfou6e23fayfyqjid6hyp` FOREIGN KEY (`_user_id`) REFERENCES `b_user` (`_id`)
) ENGINE=InnoDB AUTO_INCREMENT=37 DEFAULT CHARSET=utf8mb4;

/*Data for the table `b_pwd` */

insert  into `b_pwd`(`_id`,`_openid`,`_phone`,`_user_id`) values (2,'olxjW5b-_6mzXkcSN_DjCXUFORdk',NULL,2),(5,'olxjW5RYctj1mPLoV02R2LGaLz2Q',NULL,5),(7,'olxjW5Zr5uRKwP2GPjAqdO7xzfqc',NULL,7),(9,'olxjW5R4T2J_NSKDwFvCdSD2fnHw',NULL,9),(15,'olxjW5QQ7gAdA5iv4iUE8rAVxv8Y','15012920449',15),(17,'olxjW5XeZ068lqZ1TIJZThXh8CGQ',NULL,17),(18,'olxjW5RKHzwgKLMUvqtPpb9JHd4g',NULL,18),(20,'olxjW5eM5r90d_A6IzlKsojTJsao',NULL,20),(21,'olxjW5fstI0JfAJTjZRqDpFSFYyo',NULL,21),(25,'olxjW5Y3uKo8bXFVr0dBhVDLs9Sg',NULL,25),(26,'olxjW5dr_furEB-5yUgahQJjl1aA',NULL,26),(27,'olxjW5YVrEUKCozE2XXsTTZ9P9hQ',NULL,27),(28,'olxjW5SQHP7xPodkAh74TJtpacMA',NULL,28),(29,'null',NULL,29),(30,'olxjW5Yfw3RnJTkpVJSN4k-e3rWg',NULL,30),(31,'olxjW5VLvAuMc70EbPgOqzWb7bgo',NULL,31),(32,'olxjW5VPlm-QzB8QSRW7lagsmiIw',NULL,32),(33,'olxjW5SLTzQsNCJ74oCMO_y9hG28',NULL,33),(34,'olxjW5fgaNyscbnkeIrDF8k9MDMg',NULL,34),(35,'olxjW5cIhJcesjXR2gn1hGiNJMoI',NULL,35),(36,'olxjW5dXyNPEvhDEWFeI5l7lcZ4Q',NULL,36);

/*Table structure for table `b_record` */

DROP TABLE IF EXISTS `b_record`;

CREATE TABLE `b_record` (
  `_id` int(11) NOT NULL AUTO_INCREMENT COMMENT 'id',
  `_time` timestamp NOT NULL DEFAULT CURRENT_TIMESTAMP COMMENT '添加时间',
  `_word` varchar(255) NOT NULL COMMENT '查询关键字',
  `_user_id` int(11) NOT NULL COMMENT '用户id',
  PRIMARY KEY (`_id`),
  KEY `FKspd5skq6u21ilsrxfs8dtiw36` (`_user_id`),
  CONSTRAINT `FKspd5skq6u21ilsrxfs8dtiw36` FOREIGN KEY (`_user_id`) REFERENCES `b_user` (`_id`)
) ENGINE=InnoDB AUTO_INCREMENT=72 DEFAULT CHARSET=utf8mb4;

/*Data for the table `b_record` */

insert  into `b_record`(`_id`,`_time`,`_word`,`_user_id`) values (2,'2018-06-07 16:46:27','恒大',2),(3,'2018-06-07 21:29:26','中国建筑',2),(4,'2018-06-07 22:50:35','金龙汽车',2),(8,'2018-06-07 22:50:44','金龙',2),(12,'2018-06-07 23:01:13','中国',2),(13,'2018-06-08 09:55:15','中国建筑',2),(14,'2018-06-08 09:55:35','金龙汽车',15),(15,'2018-06-08 09:55:30','比亚迪',15),(16,'2018-06-09 16:17:01','中国建筑',15),(17,'2018-06-08 14:41:34','中国建筑',7),(19,'2018-06-09 16:16:58','金龙汽车',15),(20,'2018-06-09 16:16:47','恒大',15),(21,'2018-06-09 16:16:44','金龙',15),(26,'2018-06-19 16:05:35','中国建筑',15),(50,'2018-06-12 11:11:41','中国建筑第二',15),(51,'2018-06-12 11:17:51','中国建筑',18),(52,'2018-06-12 11:18:11','金龙汽车',18),(53,'2018-06-12 11:18:05','金龙',18),(54,'2018-06-12 11:18:17','恒大',18),(55,'2018-06-12 11:18:56','中国',18),(56,'2018-06-12 11:45:49','中国石油',15),(57,'2018-06-12 14:23:47','金龙汽车',15),(58,'2018-06-22 11:15:45','恒大',15),(60,'2018-06-21 11:43:13','中国',15),(61,'2018-06-14 11:45:26','教练',20),(62,'2018-06-14 11:45:29','中国建筑',20),(63,'2018-06-20 16:54:57','中国建筑',28),(64,'2018-06-20 16:55:09','金龙汽车',28),(65,'2018-06-20 08:49:37','中国建筑',30),(66,'2018-06-20 09:30:29','广西华宏沙井混凝土有限公司',5),(67,'2018-06-20 14:20:21','新乡御景置业有限公司',17),(68,'2018-06-20 14:24:08','恒大',17),(69,'2018-06-20 16:54:54','恒大',28),(71,'2018-06-21 15:06:10','广西梧州市中恒医药有限公司',32);

/*Table structure for table `b_staff` */

DROP TABLE IF EXISTS `b_staff`;

CREATE TABLE `b_staff` (
  `_id` int(11) NOT NULL AUTO_INCREMENT COMMENT 'id',
  `_name` varchar(255) NOT NULL COMMENT '对接人姓名',
  `_company` varchar(255) NOT NULL COMMENT '公司',
  `_endorse_company` varchar(255) DEFAULT NULL COMMENT '背书公司名',
  `_endorse_account` varchar(255) DEFAULT NULL COMMENT '背书账号',
  `_phone` varchar(255) DEFAULT NULL COMMENT '联系电话',
  `_wechat` varchar(255) DEFAULT NULL COMMENT '微信id',
  `_addr` varchar(255) DEFAULT NULL COMMENT '地址',
  `_area` varchar(255) DEFAULT NULL COMMENT '地区',
  `_business_license` varchar(255) DEFAULT NULL COMMENT '营业执照号',
  `_business_license_photo` varchar(255) DEFAULT NULL COMMENT '营业执照（照片）',
  `_legal_person_name` varchar(255) DEFAULT NULL COMMENT '法人姓名',
  `_id_card_back` varchar(255) DEFAULT NULL COMMENT '法人身份证(反面)',
  `_id_card_front` varchar(255) DEFAULT NULL COMMENT '法人身份证(正面)',
  PRIMARY KEY (`_id`)
) ENGINE=InnoDB AUTO_INCREMENT=116 DEFAULT CHARSET=utf8mb4;

/*Data for the table `b_staff` */

insert  into `b_staff`(`_id`,`_name`,`_company`,`_endorse_company`,`_endorse_account`,`_phone`,`_wechat`,`_addr`,`_area`,`_business_license`,`_business_license_photo`,`_legal_person_name`,`_id_card_back`,`_id_card_front`) values (1,'李定韬','深圳前海票牛牛商业保理有限公司',NULL,'0','17322009880',NULL,'深圳市福田区卓越世纪中心4号楼38A',NULL,NULL,NULL,NULL,NULL,NULL),(2,'张德智','深圳前海票牛牛商业保理有限公司',NULL,'0','18218818432',NULL,'深圳市福田区卓越世纪中心4号楼38A',NULL,NULL,NULL,NULL,NULL,NULL),(3,'苏杰','天云生辉',NULL,'0','15981898595',NULL,'',NULL,NULL,NULL,NULL,NULL,NULL),(4,'田德多','银承会',NULL,NULL,'13148777039',NULL,NULL,NULL,NULL,NULL,NULL,NULL,NULL),(5,'小黑','银承会',NULL,NULL,'13530982669',NULL,NULL,NULL,NULL,NULL,NULL,NULL,NULL),(6,'张孟唐','睿捷保理',NULL,NULL,'15515691119',NULL,NULL,NULL,NULL,NULL,NULL,NULL,NULL),(7,'张雪','银承会',NULL,NULL,'15115697604',NULL,NULL,NULL,NULL,NULL,NULL,NULL,NULL),(8,'冰冰','睿捷保理',NULL,NULL,'15838161312',NULL,NULL,NULL,NULL,NULL,NULL,NULL,NULL),(9,'孫娜','睿捷保理',NULL,NULL,'15517567658',NULL,NULL,NULL,NULL,NULL,NULL,NULL,NULL),(10,'老吴','睿捷保理',NULL,NULL,'18239919876',NULL,NULL,NULL,NULL,NULL,NULL,NULL,NULL),(11,'梁','唐诚保理',NULL,NULL,'15313042114',NULL,NULL,NULL,NULL,NULL,NULL,NULL,NULL),(12,'玛合帕丽','睿捷保理',NULL,NULL,'13253677621',NULL,NULL,NULL,NULL,NULL,NULL,NULL,NULL),(13,'成雨燕','银承会',NULL,NULL,'13691977875',NULL,NULL,NULL,NULL,NULL,NULL,NULL,NULL),(14,'刘','银承会',NULL,NULL,'13690749979',NULL,NULL,NULL,NULL,NULL,NULL,NULL,NULL),(15,'成后伟','银承会',NULL,NULL,'13537770928',NULL,NULL,NULL,NULL,NULL,NULL,NULL,NULL),(16,'孙莉萍','票据兔',NULL,NULL,'15982151724',NULL,NULL,NULL,NULL,NULL,NULL,NULL,NULL),(17,'郑佳','睿捷保理',NULL,NULL,'13938540415',NULL,NULL,NULL,NULL,NULL,NULL,NULL,NULL),(18,'董','睿捷保理',NULL,NULL,'15670556005',NULL,NULL,NULL,NULL,NULL,NULL,NULL,NULL),(19,'张莉','银承会',NULL,NULL,'18285677374',NULL,NULL,NULL,NULL,NULL,NULL,NULL,NULL),(20,'邵晓东','中投金融',NULL,NULL,'15981898886',NULL,NULL,NULL,NULL,NULL,NULL,NULL,NULL),(21,'谭文','银承会',NULL,NULL,'18689488152',NULL,NULL,NULL,NULL,NULL,NULL,NULL,NULL),(22,'李勍','银承会',NULL,NULL,'17603034323',NULL,NULL,NULL,NULL,NULL,NULL,NULL,NULL),(23,'曹丽君','银承会',NULL,NULL,'18898831162',NULL,NULL,NULL,NULL,NULL,NULL,NULL,NULL),(24,'何跃飞','中海岸',NULL,NULL,'15812996805',NULL,NULL,NULL,NULL,NULL,NULL,NULL,NULL),(25,'何耀林','中海岸',NULL,NULL,'18826365737',NULL,NULL,NULL,NULL,NULL,NULL,NULL,NULL),(26,'席乐明','邦成金融',NULL,NULL,'18538819996',NULL,NULL,NULL,NULL,NULL,NULL,NULL,NULL),(27,'杨振华','华元新',NULL,NULL,'13923461718',NULL,NULL,NULL,NULL,NULL,NULL,NULL,NULL),(28,'邓卫','银承会',NULL,NULL,'13631587562',NULL,NULL,NULL,NULL,NULL,NULL,NULL,NULL),(29,'熊子城','银承会',NULL,NULL,'15179205387',NULL,NULL,NULL,NULL,NULL,NULL,NULL,NULL),(30,'雯婧','票金所',NULL,NULL,'17512573709',NULL,NULL,NULL,NULL,NULL,NULL,NULL,NULL),(31,'吴','圣沃票据',NULL,NULL,'13860701338',NULL,NULL,NULL,NULL,NULL,NULL,NULL,NULL),(32,'谷志强','天云生辉',NULL,NULL,'13213006288',NULL,NULL,NULL,NULL,NULL,NULL,NULL,NULL),(33,'李家鹏','天银金融',NULL,NULL,'15356128778',NULL,NULL,NULL,NULL,NULL,NULL,NULL,NULL),(34,'侯建伟','中资鼎信',NULL,NULL,'15839197788',NULL,NULL,NULL,NULL,NULL,NULL,NULL,NULL),(35,'孙姣娥','万誉',NULL,NULL,'18574140327',NULL,NULL,NULL,NULL,NULL,NULL,NULL,NULL),(36,'孟国正','旺马金融',NULL,NULL,'15202970471',NULL,NULL,NULL,NULL,NULL,NULL,NULL,NULL),(37,'喻忆华','天云生辉',NULL,NULL,'18100323899',NULL,NULL,NULL,NULL,NULL,NULL,NULL,NULL),(38,'张祖义','天银金融',NULL,NULL,'15658013232',NULL,NULL,NULL,NULL,NULL,NULL,NULL,NULL),(39,'刘哲','木易保理',NULL,NULL,'13652249960',NULL,NULL,NULL,NULL,NULL,NULL,NULL,NULL),(40,'王智国','唐诚保理',NULL,NULL,'18217514753',NULL,NULL,NULL,NULL,NULL,NULL,NULL,NULL),(41,'何耀海','中海岸',NULL,NULL,'15627206181',NULL,NULL,NULL,NULL,NULL,NULL,NULL,NULL),(42,'刘亚东','唐诚保理',NULL,NULL,'15711388626',NULL,NULL,NULL,NULL,NULL,NULL,NULL,NULL),(43,'立抢票','鸿华世达',NULL,NULL,'15318865938',NULL,NULL,NULL,NULL,NULL,NULL,NULL,NULL),(44,'吴森','旺马金融',NULL,NULL,'15814601059',NULL,NULL,NULL,NULL,NULL,NULL,NULL,NULL),(45,'紫竹','邦成',NULL,NULL,'13673601914',NULL,NULL,NULL,NULL,NULL,NULL,NULL,NULL),(46,'黄城','恒智邦',NULL,NULL,'18580428811',NULL,NULL,NULL,NULL,NULL,NULL,NULL,NULL),(47,'付春秋','天云生辉',NULL,NULL,'15727626317',NULL,NULL,NULL,NULL,NULL,NULL,NULL,NULL),(48,'武金源','同满金融',NULL,NULL,'15836371230',NULL,NULL,NULL,NULL,NULL,NULL,NULL,NULL),(49,'赵美琪','邦成金融',NULL,NULL,'15690669220',NULL,NULL,NULL,NULL,NULL,NULL,NULL,NULL),(50,'0','天银金融',NULL,NULL,'18075817328',NULL,NULL,NULL,NULL,NULL,NULL,NULL,NULL),(51,'杜永泉','宏轩票据',NULL,NULL,'13926547111',NULL,NULL,NULL,NULL,NULL,NULL,NULL,NULL),(52,'安德强','票据中介',NULL,NULL,'13817179953',NULL,NULL,NULL,NULL,NULL,NULL,NULL,NULL),(53,'王双','唐诚保理',NULL,NULL,'15103799225',NULL,NULL,NULL,NULL,NULL,NULL,NULL,NULL),(54,'郑虎林','有善科技',NULL,NULL,'18568883808',NULL,NULL,NULL,NULL,NULL,NULL,NULL,NULL),(55,'郑晓刚','票据中介',NULL,NULL,'18838119341',NULL,NULL,NULL,NULL,NULL,NULL,NULL,NULL),(56,'李晨','旺马金融',NULL,NULL,'15370060245',NULL,NULL,NULL,NULL,NULL,NULL,NULL,NULL),(57,'老王','天银金融',NULL,NULL,'18906520000',NULL,NULL,NULL,NULL,NULL,NULL,NULL,NULL),(58,'马慧','中海岸',NULL,NULL,'13723429048',NULL,NULL,NULL,NULL,NULL,NULL,NULL,NULL),(59,'曾目兰','必达',NULL,NULL,'13345959987',NULL,NULL,NULL,NULL,NULL,NULL,NULL,NULL),(60,'0','票据中介',NULL,NULL,'18001067321',NULL,NULL,NULL,NULL,NULL,NULL,NULL,NULL),(61,'张建强','梅溪',NULL,NULL,'15958850838',NULL,NULL,NULL,NULL,NULL,NULL,NULL,NULL),(62,'李炳谦','邦成金融',NULL,NULL,'15303793260',NULL,NULL,NULL,NULL,NULL,NULL,NULL,NULL),(63,'梁燕','恒智邦',NULL,NULL,'13983031599',NULL,NULL,NULL,NULL,NULL,NULL,NULL,NULL),(64,'赵宁','邦成金融',NULL,NULL,'18736398791',NULL,NULL,NULL,NULL,NULL,NULL,NULL,NULL),(65,'赵佳丽','旺马金融',NULL,NULL,'15900513978',NULL,NULL,NULL,NULL,NULL,NULL,NULL,NULL),(66,'王群懿','同满金融',NULL,NULL,'15993819696',NULL,NULL,NULL,NULL,NULL,NULL,NULL,NULL),(67,'王志豪','天云生辉',NULL,NULL,'13938026446',NULL,NULL,NULL,NULL,NULL,NULL,NULL,NULL),(68,'王震宇','同满金融',NULL,NULL,'18695952443',NULL,NULL,NULL,NULL,NULL,NULL,NULL,NULL),(69,'郑思富','天云生辉',NULL,NULL,'18860377164',NULL,NULL,NULL,NULL,NULL,NULL,NULL,NULL),(70,'承兑商票','天云生辉',NULL,NULL,'13526415891',NULL,NULL,NULL,NULL,NULL,NULL,NULL,NULL),(71,'付亮','德和金融',NULL,NULL,'18301311998',NULL,NULL,NULL,NULL,NULL,NULL,NULL,NULL),(72,'康波','巨方金服',NULL,NULL,'18673446228',NULL,NULL,NULL,NULL,NULL,NULL,NULL,NULL),(73,'毛玉','邦成金融',NULL,NULL,'18236999050',NULL,NULL,NULL,NULL,NULL,NULL,NULL,NULL),(74,'郭伟','深圳网电',NULL,NULL,'13618394168',NULL,NULL,NULL,NULL,NULL,NULL,NULL,NULL),(75,'郭波','厚捷金融',NULL,NULL,'13761168801',NULL,NULL,NULL,NULL,NULL,NULL,NULL,NULL),(76,'谢宇皓','天云生辉',NULL,NULL,'13949012173',NULL,NULL,NULL,NULL,NULL,NULL,NULL,NULL),(77,'谭丽亚','中海岸',NULL,NULL,'15013844845',NULL,NULL,NULL,NULL,NULL,NULL,NULL,NULL),(78,'管诚','唐诚金融',NULL,NULL,'18911324196',NULL,NULL,NULL,NULL,NULL,NULL,NULL,NULL),(79,'阿华','恒智邦',NULL,NULL,'13657659525',NULL,NULL,NULL,NULL,NULL,NULL,NULL,NULL),(80,'麻振芳','圣沃票据',NULL,NULL,'13165510203',NULL,NULL,NULL,NULL,NULL,NULL,NULL,NULL),(81,'小陈','腾隆信',NULL,NULL,'15976830965',NULL,NULL,NULL,NULL,NULL,NULL,NULL,NULL),(82,'艾丽娟','恒智邦',NULL,NULL,'15923848147',NULL,NULL,NULL,NULL,NULL,NULL,NULL,NULL),(83,'竹磊','兰亭保理',NULL,NULL,'15039083360',NULL,NULL,NULL,NULL,NULL,NULL,NULL,NULL),(84,'康时杰','巨方金服',NULL,NULL,'18675678258',NULL,NULL,NULL,NULL,NULL,NULL,NULL,NULL),(85,'秀良','圣沃票据',NULL,NULL,'13489231489',NULL,NULL,NULL,NULL,NULL,NULL,NULL,NULL),(86,'萧','唐诚金融',NULL,NULL,'15600773319',NULL,NULL,NULL,NULL,NULL,NULL,NULL,NULL),(87,'马义闯','普兰金融',NULL,NULL,'15821656667',NULL,NULL,NULL,NULL,NULL,NULL,NULL,NULL),(88,'王延超','天云生辉',NULL,NULL,'15937825191',NULL,NULL,NULL,NULL,NULL,NULL,NULL,NULL),(89,'黄丽','恒融保理',NULL,NULL,'17788169241',NULL,NULL,NULL,NULL,NULL,NULL,NULL,NULL),(90,'号鑫','同满金融',NULL,NULL,'15515045755',NULL,NULL,NULL,NULL,NULL,NULL,NULL,NULL),(91,'段新乐','邦成金融',NULL,NULL,'18937962511',NULL,NULL,NULL,NULL,NULL,NULL,NULL,NULL),(92,'白鸽','唐诚金融',NULL,NULL,'18600728473',NULL,NULL,NULL,NULL,NULL,NULL,NULL,NULL),(93,'庄新燕','票据中介',NULL,NULL,'15550033650',NULL,NULL,NULL,NULL,NULL,NULL,NULL,NULL),(94,'杨勤','邦成金融',NULL,NULL,'18538886833',NULL,NULL,NULL,NULL,NULL,NULL,NULL,NULL),(95,'王康','中城保理',NULL,NULL,'18660666477',NULL,NULL,NULL,NULL,NULL,NULL,NULL,NULL),(96,'邓剑','辉腾',NULL,NULL,'13507916202',NULL,NULL,NULL,NULL,NULL,NULL,NULL,NULL),(97,'孙','中城保理',NULL,NULL,'18953666321',NULL,NULL,NULL,NULL,NULL,NULL,NULL,NULL),(98,'叶景君','巨方金服',NULL,NULL,'18666482161',NULL,NULL,NULL,NULL,NULL,NULL,NULL,NULL),(99,'石磊','旺马金融',NULL,NULL,'18100106544',NULL,NULL,NULL,NULL,NULL,NULL,NULL,NULL),(100,'张迎','票金所',NULL,NULL,'18537353680',NULL,NULL,NULL,NULL,NULL,NULL,NULL,NULL),(101,'闫艳明','天银金融',NULL,NULL,'15658870011',NULL,NULL,NULL,NULL,NULL,NULL,NULL,NULL),(102,'0','邦成金融',NULL,NULL,'0',NULL,NULL,NULL,NULL,NULL,NULL,NULL,NULL),(103,'张伟','票据中介',NULL,NULL,'18101210344',NULL,NULL,NULL,NULL,NULL,NULL,NULL,NULL),(104,'刘卫军','邦成金融',NULL,NULL,'17381897182',NULL,NULL,NULL,NULL,NULL,NULL,NULL,NULL),(105,'袁旭','泽熙保理',NULL,NULL,'18518005355',NULL,NULL,NULL,NULL,NULL,NULL,NULL,NULL),(106,'车伟逢','泽嘉金融',NULL,NULL,'15871800876',NULL,NULL,NULL,NULL,NULL,NULL,NULL,NULL),(107,'王欣怡','票据一号',NULL,NULL,'18817307016',NULL,NULL,NULL,NULL,NULL,NULL,NULL,NULL),(108,'张毓芹','票据中介',NULL,NULL,'15371579178',NULL,NULL,NULL,NULL,NULL,NULL,NULL,NULL),(109,'刘璐璐','鸿鑫泰',NULL,NULL,'15001152468',NULL,NULL,NULL,NULL,NULL,NULL,NULL,NULL),(110,'王云林','昴中天金融',NULL,NULL,'13699037762',NULL,NULL,NULL,NULL,NULL,NULL,NULL,NULL),(111,'程雨田','辉腾',NULL,NULL,'13617012136',NULL,NULL,NULL,NULL,NULL,NULL,NULL,NULL),(112,'彭梁','天兑资产',NULL,NULL,'18958901382',NULL,NULL,NULL,NULL,NULL,NULL,NULL,NULL),(113,'曹明达','恒智邦',NULL,NULL,'18723391600',NULL,NULL,NULL,NULL,NULL,NULL,NULL,NULL),(114,'宋尉','鸿华世达',NULL,NULL,'18765820831',NULL,NULL,NULL,NULL,NULL,NULL,NULL,NULL),(115,'毛经理','牧杉金融',NULL,NULL,'15877558017',NULL,NULL,NULL,NULL,NULL,NULL,NULL,NULL);

/*Table structure for table `b_user` */

DROP TABLE IF EXISTS `b_user`;

CREATE TABLE `b_user` (
  `_id` int(11) NOT NULL AUTO_INCREMENT COMMENT 'id',
  `_card` int(11) NOT NULL DEFAULT '0' COMMENT '是否上传了名片0-未上传、1-已上传',
  `_head` varchar(255) NOT NULL DEFAULT 'user-head.png' COMMENT '用户头像',
  `_name` varchar(255) NOT NULL DEFAULT '查票360' COMMENT '用户名-微信昵称',
  `_precise` int(11) NOT NULL DEFAULT '0' COMMENT '精确搜索次数',
  `_reg` timestamp NOT NULL DEFAULT CURRENT_TIMESTAMP COMMENT '注册时间',
  `_status` int(11) NOT NULL DEFAULT '0' COMMENT '用户状态0-正常（默认）、1-管理员锁定',
  `_type` int(11) NOT NULL DEFAULT '0' COMMENT '用户类型0-未绑定手机、1-已绑定手机',
  PRIMARY KEY (`_id`)
) ENGINE=InnoDB AUTO_INCREMENT=37 DEFAULT CHARSET=utf8mb4;

/*Data for the table `b_user` */

insert  into `b_user`(`_id`,`_card`,`_head`,`_name`,`_precise`,`_reg`,`_status`,`_type`) values (2,0,'1b13e4f5-808c-4fe1-b9d6-a55cbe535ffc1528274771146.jpg','A丽丽～朱?13351814591',0,'2018-06-06 16:46:11',0,0),(5,0,'5c8f331a-78d0-4f25-be71-55ed85326e271528414376815.jpg','lg华',0,'2018-06-08 07:32:57',0,0),(7,0,'e625499a-63c0-4428-beef-a9f347fbcf911521534140996.jpg','ARLEN馃挰',1,'2018-03-20 16:22:21',0,0),(9,0,'79e2f4d0-6d40-40a3-9e96-92427ab213381528508017768.jpg','守望者',0,'2018-06-09 09:33:37',0,0),(15,1,'23ac0980-2a77-408b-97c6-8712599709171528785481927.jpg','Billing',1,'2018-03-24 10:07:53',0,0),(17,0,'72bfab2a-5c7d-4bdf-a68c-7546ee19e3481528772370159.jpg','商承-李',0,'2018-06-12 10:59:30',0,0),(18,0,'823d833b-2ce0-4756-b0c4-adbcefd79a6b1528773398554.jpg','Boom(李定韬)',0,'2018-06-12 11:16:38',0,0),(20,0,'930a1c42-6a4c-4ba6-8af5-c858c62cdf461528947917224.jpg','Single',0,'2018-06-14 11:45:17',0,0),(21,0,'c023f399-3e8e-4567-8bdd-0aa8524bf7781528947956052.jpg','　frawin',0,'2018-06-14 11:45:56',0,0),(25,0,'d712b85d-3a57-4df3-8fb1-6373112d7ef91528986534584.jpg','Sunshine  ',0,'2018-06-14 22:28:54',0,0),(26,0,'718cb621-4b11-46b8-af68-23e5906a60981529138708693.jpg','Lover文⁰⁹¹¹',0,'2018-06-16 16:45:08',0,0),(27,0,'91bd1a3d-7e65-4fd3-b839-74e06336e0351529392531099.jpg','墨迹',0,'2018-06-19 15:15:31',0,0),(28,0,'cfee45bf-a108-4e10-89ab-3e11d006ddbf1529393029115.jpg','Dennis张德智',0,'2018-06-19 15:23:49',0,0),(29,0,'3feb590e-d747-461b-81dd-d02fe5ef294d1529402131443.jpg','橘子',0,'2018-06-19 17:55:31',0,0),(30,0,'05c52763-87f6-4042-931c-521269ef7bf11529455769943.jpg','⺗饣尧.℡',0,'2018-06-20 08:49:30',0,0),(31,0,'e8395d20-142d-47c1-9fc5-6ef66ed01ecf1529471558459.jpg','寻梦者n',0,'2018-06-20 13:12:38',0,0),(32,0,'f1b98207-9eaa-4c30-bd8e-d1bd44aeb39d1529564738490.jpg','-_-#',0,'2018-06-21 15:05:38',0,0),(33,0,'f91aa622-2cff-4f3c-af03-2caa4a65e8e71529815436021.jpg','゛彼岸、回忆ღ.',0,'2018-06-24 12:43:56',0,0),(34,0,'6d98545c-17e9-4bbe-b997-745d730cedaa1530182389443.jpg','RQ',0,'2018-06-28 18:39:49',0,0),(35,0,'c846a112-2ad4-44c7-8740-e444d7f4630c1530234316521.jpg','想上天的少年',0,'2018-06-29 09:05:16',0,0),(36,0,'24e55eed-5757-4f09-91bb-70a780da4d611530240253802.jpg','泡芙^少女',0,'2018-06-29 10:44:13',0,0);

/*Table structure for table `b_userbyadmin` */

DROP TABLE IF EXISTS `b_userbyadmin`;

CREATE TABLE `b_userbyadmin` (
  `id` int(11) NOT NULL AUTO_INCREMENT,
  `addr` varchar(255) DEFAULT NULL COMMENT '地址',
  `company` varchar(255) DEFAULT NULL COMMENT '公司名称',
  `name` varchar(255) NOT NULL COMMENT '姓名',
  `phone` varchar(13) DEFAULT NULL COMMENT '手机',
  `wechat` varchar(255) DEFAULT NULL COMMENT '微信号',
  PRIMARY KEY (`id`)
) ENGINE=InnoDB AUTO_INCREMENT=2 DEFAULT CHARSET=utf8;

/*Data for the table `b_userbyadmin` */

insert  into `b_userbyadmin`(`id`,`addr`,`company`,`name`,`phone`,`wechat`) values (1,'深圳市福田区卓越世纪中心4号楼38A','深圳前海票牛牛商业保理有限公司','李定韬','17322009880','L852007549');

/*!40101 SET SQL_MODE=@OLD_SQL_MODE */;
/*!40014 SET FOREIGN_KEY_CHECKS=@OLD_FOREIGN_KEY_CHECKS */;
/*!40014 SET UNIQUE_CHECKS=@OLD_UNIQUE_CHECKS */;
/*!40111 SET SQL_NOTES=@OLD_SQL_NOTES */;
